{"1": [[4, 1, 2, 0, 0.0, {"2": 2, "7": 1, "11": 1, "14": 2, "16": 1, "17": 1, "18": 1, "22": 1, "25": 1}], [4, 2, 2, 0, 0.0, {"3": 1, "6": 2, "11": 1, "14": 2, "16": 1, "17": 1, "18": 1, "22": 1, "25": 1}], [4, 3, 2, 0, 0.0, {"3": 1, "8": 1, "10": 2, "14": 2, "16": 1, "17": 1, "18": 1, "24": 1, "25": 1}]], "2": [[4, 3, 2, 0, 0.0, {"3": 1, "8": 1, "10": 2, "14": 2, "16": 1, "17": 1, "18": 1, "24": 1, "25": 1}], [4, 1, 2, 0, 0.0, {"2": 2, "7": 1, "11": 1, "14": 2, "16": 1, "17": 1, "18": 1, "22": 1, "25": 1}], [4, 2, 2, 0, 0.0, {"3": 1, "6": 2, "11": 1, "14": 2, "16": 1, "17": 1, "18": 1, "22": 1, "25": 1}]], "3": [[2, 4, 7, 18, 2.5714285714285716, {"4": 3, "5": 7, "7": 3, "8": 4, "12": 1, "13": 4, "15": 7, "19": 1, "20": 2, "21": 3, "23": 2, "24": 3, "26": 3}], [2, 3, 5, 9, 1.8, {"4": 2, "5": 5, "7": 2, "8": 3, "10": 5, "16": 2, "20": 2, "21": 2, "23": 2, "24": 1, "26": 2}], [2, 1, 3, 2, 0.6666666666666666, {"2": 3, "5": 3, "7": 1, "8": 2, "12": 1, "18": 2, "23": 1, "24": 1}]], "4": [[2, 4, 2, 2, 1.0, {"4": 1, "5": 2, "7": 1, "8": 1, "12": 1, "15": 2, "21": 2, "24": 1, "26": 2}], [2, 3, 2, 0, 0.0, {"4": 1, "5": 2, "7": 1, "8": 1, "10": 2, "16": 1, "21": 1, "24": 1, "26": 1}], [2, 1, 2, 0, 0.0, {"2": 2, "5": 2, "7": 1, "8": 1, "12": 1, "18": 1, "24": 1}]], "5": [[4, 3, 2, 0, 0.0, {"3": 1, "8": 1, "10": 2, "14": 2, "16": 1, "17": 1, "18": 1, "24": 1, "25": 1}]], "6": [[4, 2, 3, 3, 1.0, {"3": 1, "6": 3, "11": 1, "14": 3, "16": 1, "17": 2, "18": 1, "19": 1, "22": 2, "25": 2}], [4, 1, 3, 4, 1.3333333333333333, {"2": 3, "7": 2, "11": 1, "14": 3, "16": 1, "17": 2, "18": 1, "19": 1, "22": 2, "25": 2}]], "7": [[4, 3, 3, 3, 1.0, {"3": 1, "8": 1, "10": 3, "14": 3, "16": 1, "17": 2, "18": 1, "19": 1, "24": 2, "25": 2}], [4, 1, 3, 4, 1.3333333333333333, {"2": 3, "7": 2, "11": 1, "14": 3, "16": 1, "17": 2, "18": 1, "19": 1, "22": 2, "25": 2}]], "8": [[2, 4, 2, 2, 1.0, {"4": 1, "5": 2, "7": 1, "8": 1, "12": 1, "15": 2, "21": 2, "24": 1, "26": 2}]], "9": [[3, 1, 2, 0, 0.0, {"2": 2, "7": 1, "9": 2, "11": 1, "12": 1, "18": 1, "22": 1}], [3, 2, 2, 0, 0.0, {"3": 1, "6": 2, "9": 2, "11": 1, "12": 1, "18": 1, "22": 1}], [3, 4, 2, 2, 1.0, {"4": 1, "7": 1, "9": 2, "11": 1, "12": 1, "15": 2, "21": 2, "22": 1, "26": 2}]], "10": [[2, 4, 2, 2, 1.0, {"4": 1, "5": 2, "7": 1, "8": 1, "12": 1, "15": 2, "21": 2, "24": 1, "26": 2}]]}