{"1": [[4, 1, 6, 16, 2.6666666666666665, {"2": 6, "7": 4, "11": 2, "12": 2, "14": 6, "16": 3, "17": 3, "18": 2, "19": 2, "20": 1, "22": 4, "25": 3}], [4, 2, 6, 14, 2.3333333333333335, {"3": 2, "6": 6, "11": 2, "12": 2, "14": 6, "16": 3, "17": 3, "18": 2, "19": 2, "20": 1, "22": 4, "25": 3}], [4, 3, 3, 2, 0.6666666666666666, {"10": 3, "14": 3, "16": 1, "17": 2, "19": 1, "20": 1, "24": 1, "25": 2}]], "2": [[4, 3, 3, 2, 0.6666666666666666, {"10": 3, "14": 3, "16": 1, "17": 2, "19": 1, "20": 1, "24": 1, "25": 2}], [4, 1, 6, 16, 2.6666666666666665, {"2": 6, "7": 4, "11": 2, "12": 2, "14": 6, "16": 3, "17": 3, "18": 2, "19": 2, "20": 1, "22": 4, "25": 3}], [4, 2, 6, 14, 2.3333333333333335, {"3": 2, "6": 6, "11": 2, "12": 2, "14": 6, "16": 3, "17": 3, "18": 2, "19": 2, "20": 1, "22": 4, "25": 3}]], "3": [[2, 4, 7, 18, 2.5714285714285716, {"4": 3, "5": 7, "7": 3, "8": 4, "12": 1, "13": 4, "15": 7, "19": 1, "20": 2, "21": 3, "23": 2, "24": 3, "26": 3}], [2, 3, 5, 9, 1.8, {"4": 2, "5": 5, "7": 2, "8": 3, "10": 5, "16": 2, "20": 2, "21": 2, "23": 2, "24": 1, "26": 2}], [2, 1, 3, 2, 0.6666666666666666, {"2": 3, "5": 3, "7": 1, "8": 2, "12": 1, "18": 2, "23": 1, "24": 1}]], "4": [[2, 4, 7, 18, 2.5714285714285716, {"4": 3, "5": 7, "7": 3, "8": 4, "12": 1, "13": 4, "15": 7, "19": 1, "20": 2, "21": 3, "23": 2, "24": 3, "26": 3}], [2, 3, 5, 9, 1.8, {"4": 2, "5": 5, "7": 2, "8": 3, "10": 5, "16": 2, "20": 2, "21": 2, "23": 2, "24": 1, "26": 2}], [2, 1, 3, 2, 0.6666666666666666, {"2": 3, "5": 3, "7": 1, "8": 2, "12": 1, "18": 2, "23": 1, "24": 1}]], "5": [[4, 3, 3, 3, 1.0, {"3": 1, "8": 1, "10": 3, "14": 3, "16": 1, "17": 2, "18": 1, "19": 1, "24": 2, "25": 2}]], "6": [[4, 2, 3, 3, 1.0, {"3": 1, "6": 3, "11": 1, "14": 3, "16": 1, "17": 2, "18": 1, "19": 1, "22": 2, "25": 2}], [4, 1, 3, 4, 1.3333333333333333, {"2": 3, "7": 2, "11": 1, "14": 3, "16": 1, "17": 2, "18": 1, "19": 1, "22": 2, "25": 2}]], "7": [[4, 3, 3, 3, 1.0, {"3": 1, "8": 1, "10": 3, "14": 3, "16": 1, "17": 2, "18": 1, "19": 1, "24": 2, "25": 2}], [4, 1, 3, 4, 1.3333333333333333, {"2": 3, "7": 2, "11": 1, "14": 3, "16": 1, "17": 2, "18": 1, "19": 1, "22": 2, "25": 2}]], "8": [[2, 4, 4, 8, 2.0, {"4": 2, "5": 4, "7": 2, "8": 2, "12": 1, "13": 2, "15": 4, "19": 1, "21": 2, "24": 3, "26": 2}]], "9": [[3, 1, 5, 10, 2.0, {"2": 5, "7": 3, "9": 5, "11": 1, "12": 2, "13": 2, "17": 2, "18": 2, "19": 2, "22": 3, "25": 2}], [3, 2, 5, 9, 1.8, {"3": 2, "6": 5, "9": 5, "11": 1, "12": 2, "13": 2, "17": 2, "18": 2, "19": 2, "22": 3, "25": 2}], [3, 4, 3, 2, 0.6666666666666666, {"4": 1, "7": 1, "9": 3, "11": 1, "12": 1, "13": 1, "15": 3, "21": 2, "22": 1, "26": 2}]], "10": [[2, 4, 4, 8, 2.0, {"4": 2, "5": 4, "7": 2, "8": 2, "12": 1, "13": 2, "15": 4, "19": 1, "21": 2, "24": 3, "26": 2}]]}